249744963523818,送1个通用滚筒
249759648171385,送1个通用滚筒
196749079981765,送1个通用滚筒
172546547465920,送1个通用滚筒
172441492813802,送3个通用滚筒
249756283543772,送1个通用滚筒
196750510915659,送3个通用滚筒
249749929189222,送2个通用滚筒
249755484189754,送2个通用滚筒
196747950199648,送2个通用滚筒
249737807892352,送2个通用滚筒
249744083249425,送3个通用滚筒
249744449548813,送3个通用滚筒
172526149876836,送1个通用滚筒
172474657167948,送2个通用滚筒
172457779085654,送4个通用滚筒
249744760574660,送3个通用滚筒
172533469999839,送1个通用滚筒
172476373230796,送2个通用滚筒
249732087022926,送3个通用滚筒
249681802937181,送1个通用滚筒
249730009030430,送4个通用滚筒
172365493699907,送1个通用滚筒
172470330133796,送2个通用滚筒
196727435688173,送5个通用滚筒
196714671674351,送2个通用滚筒
172139373467472,送3个通用滚筒
196712913770553,送3个通用滚筒
249706806890528,送1个通用滚筒
196716355683349,送1个通用滚筒
172526660778873,送2个通用滚筒
172525505048054,送1个通用滚筒
196720077427130,送4个通用滚筒
196690558357047,送3个通用滚筒
249711329706455,送3个通用滚筒
249620640967480,送2个通用滚筒
172516428278054,送1个通用滚筒
249709324854542,送2个通用滚筒
249710801114337,送1个通用滚筒
172457096093264,送1个通用滚筒
196680195808170,送4个通用滚筒
172517305127912,送2个通用滚筒
172160261057793,送1个通用滚筒
172511026327551,送2个通用滚筒
249690569942161,送1个通用滚筒
196703758886851,送2个通用滚筒
172511384352943,送3个通用滚筒
196712350915609,送6个通用滚筒
172504667149190,送1个通用滚筒
172448934137999,送1个通用滚筒
249689608636807,送2个通用滚筒
172448857868168,送3个通用滚筒
249683448068537,送2个通用滚筒
249681561134547,送2个通用滚筒
249676365563380,送1个通用滚筒
249673804480426,送3个通用滚筒
249656448398831,送1个通用滚筒
172503545410915,送3个通用滚筒
172499749107235,送3个通用滚筒
172503264890156,送3个通用滚筒
249678120100750,送1个通用滚筒
172499626909677,送2个通用滚筒
196696957930750,送1个通用滚筒
249675280460355,送2个通用滚筒
196689157720885,送1个通用滚筒
249657689552685,送2个通用滚筒
171578508119522,送1个通用滚筒
196360192260747,送4个通用滚筒
172414852648116,送3个通用滚筒
249656523110757,送2个通用滚筒
172429700006246,送1个通用滚筒
196686195290349,送1个通用滚筒
196643390452546,送3个通用滚筒
172430099048343,送1个通用滚筒
196648638751004,送4个通用滚筒
248862288629627,送2个通用滚筒
249638886128949,送137个通用滚筒
172368416012373,送3个通用滚筒
196654035576902,送5个通用滚筒
196674596446388,送1个通用滚筒
248957289530800,送2个通用滚筒
172427493023626,送2个通用滚筒
172484101250923,送2个通用滚筒
172483227723895,送1个通用滚筒
172423414017498,送2个通用滚筒
196665194670311,送1个通用滚筒
196661514733930,送2个通用滚筒
172419577958537,送1个通用滚筒
172476020365945,送1个通用滚筒
172476226055686,送1个通用滚筒
172479105867307,送2个通用滚筒
172419535076316,送1个通用滚筒
249616644020538,送1个通用滚筒
196649750864427,送2个通用滚筒
249577008383921,送2个通用滚筒
249503849325732,送2个通用滚筒
249582206492759,送1个通用滚筒
172411092822134,送4个通用滚筒
196648999910825,送1个通用滚筒
172458627817967,送4个通用滚筒
249592248353979,送3个通用滚筒
196647554609809,送3个通用滚筒
172461466808550,送1个通用滚筒
196642436808059,送116个通用滚筒
172464021571353,送1个通用滚筒
172399451143824,送2个通用滚筒
249582442152241,送2个通用滚筒
196488594667037,送3个通用滚筒
249573763310306,送3个通用滚筒
196615757804504,送1个通用滚筒
196642190755325,送5个通用滚筒
249238561587575,送2个通用滚筒
172457460851638,送4个通用滚筒
249571486299908,送1个通用滚筒
249571489194486,送1个通用滚筒
249549687032224,送2个通用滚筒
249491527926079,送2个通用滚筒
249453443462017,送6个通用滚筒
172382693826819,送2个通用滚筒
196577271435883,送2个通用滚筒
172455222927109,送1个通用滚筒
249573963101400,送1个通用滚筒
249115163306603,送1个通用滚筒
249539009863558,送1个通用滚筒
172454784852690,送1个通用滚筒
249543605356069,送6个通用滚筒
196628597176807,送2个通用滚筒
172387250693749,送3个通用滚筒
196629913336234,送3个通用滚筒
196625519277376,送2个通用滚筒
172389539357107,送1个通用滚筒
172453100437186,送3个通用滚筒
196580797681336,送4个通用滚筒
196623037556447,送1个通用滚筒
249552006155991,送1个通用滚筒
172383218175116,送4个通用滚筒
196615399315464,送3个通用滚筒
172385570699790,送2个通用滚筒
172378015667203,送1个通用滚筒
196612918871227,送1个通用滚筒
196615798666316,送2个通用滚筒
172349416531094,送1个通用滚筒
172378936591337,送2个通用滚筒
249543000808773,送1个通用滚筒
249539721792388,送2个通用滚筒
196596031871682,送2个通用滚筒
196588113640486,送1个通用滚筒
172429388134336,送1个通用滚筒
249490049152671,送2个通用滚筒
172436980233465,送1个通用滚筒
249511201844760,送3个通用滚筒
172420986201332,送2个通用滚筒
196591077320311,送1个通用滚筒
172433181890036,送3个通用滚筒
249435840720207,送3个通用滚筒
172085377345418,送1个通用滚筒
249520966117447,送1个通用滚筒
196598674175670,送1个通用滚筒
248998489092181,送2个通用滚筒
172275379614466,送2个通用滚筒
172422028725947,送4个通用滚筒
249498842124736,送2个通用滚筒
196592355636223,送1个通用滚筒
196165072499678,送4个通用滚筒
249468649603659,送1个通用滚筒
249500248885005,送3个通用滚筒
249505925421656,送1个通用滚筒
196550833195282,送2个通用滚筒
196584075911631,送1个通用滚筒
196553158924404,送1个通用滚筒
196551153874404,送1个通用滚筒
196588392361178,送4个通用滚筒
196577598319905,送5个通用滚筒
196579990562438,送100个通用滚筒
249492289114137,送2个通用滚筒
172227548601776,送2个通用滚筒
249489924480061,送1个通用滚筒
172357174954638,送2个通用滚筒
249471362845602,送4个通用滚筒
172357411020031,送3个通用滚筒
172415025176820,送3个通用滚筒
249489241329948,送1个通用滚筒
196576194800486,送1个通用滚筒
172320691124041,送2个通用滚筒
172354173489049,送3个通用滚筒
249474840043724,送3个通用滚筒
249469088355474,送1个通用滚筒
249470082811894,送1个通用滚筒
249468364238979,送3个通用滚筒
172348051933929,送3个通用滚筒
172398189869470,送1个通用滚筒
249454323667968,送4个通用滚筒
196563397947264,送4个通用滚筒
196537314234211,送2个通用滚筒
249440042207014,送4个通用滚筒
249435889467361,送1个通用滚筒
172204817380729,送1个通用滚筒
172331530220280,送6个通用滚筒
172392667397610,送7个通用滚筒
249439208495280,送2个通用滚筒
172331819346290,送2个通用滚筒
196547593851503,送1个通用滚筒
249268401250733,送3个通用滚筒
172333254007254,送3个通用滚筒
196548991731267,送1个通用滚筒
172385665016251,送3个通用滚筒
196540314574200,送2个通用滚筒
196532790883798,送3个通用滚筒
196538552552680,送2个通用滚筒
172319975456836,送4个通用滚筒
172376864247076,送3个通用滚筒
249413164036586,送2个通用滚筒
172320655741166,送2个通用滚筒
196529996128528,送1个通用滚筒
196109955584448,送3个通用滚筒
172372267232050,送2个通用滚筒
196532470776662,送1个通用滚筒
196528435394654,送4个通用滚筒
249402605260535,送1个通用滚筒
249397207056230,送3个通用滚筒
172316015922607,送2个通用滚筒
172371069263713,送3个通用滚筒
172371107398470,送1个通用滚筒
172365428805116,送1个通用滚筒
172316053194729,送1个通用滚筒
249395284909807,送2个通用滚筒
249394840707842,送1个通用滚筒
172309414637009,送1个通用滚筒
172366906640624,送1个通用滚筒
196522152621360,送1个通用滚筒
249396802102095,送3个通用滚筒
249321646569234,送3个通用滚筒
172371740010517,送3个通用滚筒
172314093836530,送1个通用滚筒
172314170981267,送2个通用滚筒
249378241574669,送3个通用滚筒
249385721009981,送2个通用滚筒
249390961222768,送2个通用滚筒
249383247121299,送1个通用滚筒
249383761793153,送3个通用滚筒
196506193762223,送2个通用滚筒
249036366001301,送2个通用滚筒
172362103281240,送3个通用滚筒
172308614095695,送2个通用滚筒
196504837902127,送1个通用滚筒
196507475906740,送1个通用滚筒
196505515924042,送2个通用滚筒
172305890153080,送4个通用滚筒
172356225758650,送2个通用滚筒
172356781322223,送2个通用滚筒
249326006864838,送1个通用滚筒
196497833371226,送2个通用滚筒
172293617940097,送3个通用滚筒
172295697757396,送7个通用滚筒
196498875917189,送2个通用滚筒
249283123421077,送2个通用滚筒
249347123156467,送2个通用滚筒
172295892507160,送3个通用滚筒
249341488888652,送3个通用滚筒
196492118020735,送3个通用滚筒
196486276181667,送4个通用滚筒
196486038271656,送3个通用滚筒
249332686008376,送9个通用滚筒
249301001109293,送2个通用滚筒
196479797633689,送2个通用滚筒
196477319871921,送2个通用滚筒
196472271629975,送5个通用滚筒
172329227338863,送4个通用滚筒
172339942460697,送1个通用滚筒
172267619840876,送4个通用滚筒
249323281224992,送2个通用滚筒
172279057030578,送4个通用滚筒
172333343658034,送1个通用滚筒
249302604909746,送4个通用滚筒
196468756073512,送3个通用滚筒
196873830731759 送1个通用滚筒
196872594038983 送1个通用滚筒
249934163347983 送1个通用滚筒
249930803849951 送1个通用滚筒
196866591529135 送5个通用滚筒
196865393537819 送2个通用滚筒
249918526731833 送3个通用滚筒
172625668955859 送3个通用滚筒
249914568777671 送3个通用滚筒
196858078534131 送1个通用滚筒
172625466465152 送3个通用滚筒
196859873170332 送3个通用滚筒
196858393344695 送2个通用滚筒
172624266671310 送1个通用滚筒
196856998051156 送4个通用滚筒
172622745810961 送1个通用滚筒
172557252978913 送2个通用滚筒
249910606842031 送1个通用滚筒
196854034603177 送2个通用滚筒
172623020921939 送2个通用滚筒
249909364020595 送3个通用滚筒
172554493525350 送1个通用滚筒
172620305811300 送4个通用滚筒
196851879850961 送1个通用滚筒
172556050128243 送1个通用滚筒
196851156886513 送3个通用滚筒
249904206632181 送5个通用滚筒
249900327940824 送3个通用滚筒
249903202058450 送3个通用滚筒
196848037329306 送1个通用滚筒
172551172537418 送1个通用滚筒
196845478622559 送2个通用滚筒
249901642404264 送4个通用滚筒
249900244942930 送1个通用滚筒
196846993748787 送2个通用滚筒
196848192007812 送2个通用滚筒
249894807904557 送2个通用滚筒
196844038322035 送1个通用滚筒
249894926941939 送1个通用滚筒
249896564414087 送3个通用滚筒
172545698400961 送1个通用滚筒
196841918915842 送3个通用滚筒
249895201801873 送9个通用滚筒
249892364430172 送1个通用滚筒
196843590785476 送8个通用滚筒
249889966007008 送4个通用滚筒
196839553796536 送2个通用滚筒
172610463003772 送1个通用滚筒
172609545702232 送3个通用滚筒
249884447676019 送10个通用滚筒
249889440849340 送4个通用滚筒
172543292162730 送3个通用滚筒
172543371203443 送2个通用滚筒
249884882557075 送1个通用滚筒
249881523293987 送3个通用滚筒
172539737763756 送4个通用滚筒
249879164667850 送3个通用滚筒
196835552168092 送2个通用滚筒
196833595366472 送2个通用滚筒
172538816367893 送1个通用滚筒
196831754314686 送1个通用滚筒
249871647981424 送3个通用滚筒
249873688780599 送2个通用滚筒
249872087103899 送1个通用滚筒
172604020481604 送3个通用滚筒
172599348752619 送4个通用滚筒
172600384947075 送1个通用滚筒
249869404498058 送1个通用滚筒
172597785091927 送2个通用滚筒
249860968065807 送2个通用滚筒
249861843493834 送1个通用滚筒
172530612907586 送1个通用滚筒
172592028124488 送2个通用滚筒
172592944514704 送4个通用滚筒
249854961703226 送1个通用滚筒
172527292469930 送3个通用滚筒
172591623089872 送1个通用滚筒
196810638570657 送1个通用滚筒
196812272326861 送4个通用滚筒
196809953042131 送3个通用滚筒
249837848212930 送1个通用滚筒
172519778954191 送3个通用滚筒
249841680294910 送2个通用滚筒
249841760115988 送1个通用滚筒
172583069863196 送2个通用滚筒
249834966929478 送1个通用滚筒
172518415654443 送1个通用滚筒
249828046469414 送2个通用滚筒
249827527512639 送1个通用滚筒
249822689124495 送1个通用滚筒
196801350015200 送1个通用滚筒
172516690398165 送2个通用滚筒
249825125333791 送4个通用滚筒
172513098926496 送1个通用滚筒
172514059765903 送1个通用滚筒
172513739022352 送3个通用滚筒
196798314229478 送1个通用滚筒
249820649321494 送2个通用滚筒
249820047171818 送5个通用滚筒
196793117180868 送3个通用滚筒
172510698431925 送1个通用滚筒
172512052285888 送3个通用滚筒
172511492211588 送1个通用滚筒
196792914052842 送4个通用滚筒
172575065458430 送3个通用滚筒
249812565431133 送2个通用滚筒
196790392049783 送2个通用滚筒
172508570377474 送2个通用滚筒
172571585799037 送1个通用滚筒
172507490246110 送6个通用滚筒
249804487324325 送3个通用滚筒
249804805784236 送5个通用滚筒
172506651298409 送3个通用滚筒
172571620463164 送1个通用滚筒
249805603069876 送1个通用滚筒
249797089601086 送2个通用滚筒
196780637652699 送3个通用滚筒
196780235638471 送1个通用滚筒
172565865829804 送2个通用滚筒
172565944551906 送2个通用滚筒
249798680733823 送5个通用滚筒
172565027814012 送4个通用滚筒
196777030474067 送4个通用滚筒
249787649359571 送2个通用滚筒
172560668363118 送2个通用滚筒
172558504857064 送3个通用滚筒
172559101876581 送1个通用滚筒
172558621226999 送4个通用滚筒
196765198678545 送1个通用滚筒
249774366293818 送1个通用滚筒
172491976354410 送2个通用滚筒
196766514821049 送3个通用滚筒
249775482116062 送1个通用滚筒
249768849514818 送8个通用滚筒
172488379818016 送2个通用滚筒
172489454253796 送2个通用滚筒
249771724916309 送2个通用滚筒
249770404729165 送2个通用滚筒
172490130355544 送1个通用滚筒
196762675702267 送3个通用滚筒
196761595092407 送1个通用滚筒
249769481632068 送1个通用滚筒
196758639120986 送1个通用滚筒
196760434526779 送1个通用滚筒
172547829750328 送1个通用滚筒
249761929399987 送2个通用滚筒
196757117017418 送1个通用滚筒
196757594549492 送2个通用滚筒
172484532937071 送3个通用滚筒
172543545994756 送3个通用滚筒
172540146367958 送5个通用滚筒
172537105976567 送2个通用滚筒
172536902306617 送1个通用滚筒
196737553874542 送1个通用滚筒
196700078914502 送1个通用滚筒
172435777520025 送1个通用滚筒
172397693368442 送1个通用滚筒
196633953678442 送2个通用滚筒
249494486843359 送3个通用滚筒
249407925987030 送2个通用滚筒
196434719241546 送2个通用滚筒
249245169151709 送1个通用滚筒
